{
  "project_info": {
    "project_number": "627737995028",
    "firebase_url": "https://enquirysystem-2179b-default-rtdb.firebaseio.com",
    "project_id": "enquirysystem-2179b",
    "storage_bucket": "enquirysystem-2179b.appspot.com"
  },
  "client": [
    {
      "client_info": {
        "mobilesdk_app_id": "1:627737995028:android:06b815b6a0d12e09860401",
        "android_client_info": {
          "package_name": "com.example.testapp"
        }
      },
      "oauth_client": [
        {
          "client_id": "627737995028-5eeo3691m903fh6qtn7eq2rqon90d85c.apps.googleusercontent.com",
          "client_type": 3
        }
      ],
      "api_key": [
        {
          "current_key": "AIzaSyDQmC9VmPayehbehMQVnUC6C9-U8Bc2S1U"
        }
      ],
      "services": {
        "appinvite_service": {
          "other_platform_oauth_client": [
            {
              "client_id": "627737995028-5eeo3691m903fh6qtn7eq2rqon90d85c.apps.googleusercontent.com",
              "client_type": 3
            }
          ]
        }
      }
    },
    {
      "client_info": {
        "mobilesdk_app_id": "1:627737995028:android:c42b1612d0ec98d7860401",
        "android_client_info": {
          "package_name": "com.scs.myapplication"
        }
      },
      "oauth_client": [
        {
          "client_id": "627737995028-5eeo3691m903fh6qtn7eq2rqon90d85c.apps.googleusercontent.com",
          "client_type": 3
        }
      ],
      "api_key": [
        {
          "current_key": "AIzaSyDQmC9VmPayehbehMQVnUC6C9-U8Bc2S1U"
        }
      ],
      "services": {
        "appinvite_service": {
          "other_platform_oauth_client": [
            {
              "client_id": "627737995028-5eeo3691m903fh6qtn7eq2rqon90d85c.apps.googleusercontent.com",
              "client_type": 3
            }
          ]
        }
      }
    }
  ],
  "configuration_version": "1"
}